"device_id","trial_type","trial_index","plugin_version","time_elapsed","participant_id","session","phase","rt","stimulus","response","speed_label","condition","estimated_stimulus_onset"
"","initialize-microphone","0","2.1.0","3670","P001","1","","","","","","",""
"","html-button-response","1","2.1.0","4906","P001","1","instruction","1234","
        <h1>Verbal Fluency Test Instruction</h2>
        <p>Tell me as many words as you
        can think of that begin with a certain letter of the alphabet that I will tell you in a moment. <br><br> You
        can say any kind of word you want, except for proper nouns (like Bob or Boston), numbers <br><br>
        The recording will stop after one minute.  <br><br> Are you ready?.</p>
      ","0","fast","",""
"","html-audio-response","2","2.1.0","5830","P001","1","fluency","850","
      <h1> H </h1>
      <p> Say as many words containing the letter displayed above. </p>","GkXfo59ChoEBQveBAULygQRC84EIQoKEd2VibUKHgQRChYECGFOAZwEAAAAAADmQEU2bdLlNu4tTq4QVSalmU6yBbk27i1OrhBZUrmtTrIGRTbuLU6uEH0O2dVOsgdVNu4xTq4QcU7trU6yCOX7srgAAAAAAAAAAAAAAAAAAAAAAAAAAAAAAAAAAAAAAAAAAAAAAAAAAAAAAAAAAAAAVSalmnirXsYMPQkBEiYREUgz+TYCFT3BlcmFXQYVPcGVyYRZUrmu/rr3XgQFzxYc1tL0O4uXlg4EChoZBX09QVVNjopNPcHVzSGVhZAEBAACAuwAAAAAA4Y21hEc7gACfgQFiZIEgH0O2dQEAAAAAADid54EAo0PDgQAAgPsDdnaABfKjnNNqwaboD8EgAapH8vR0SFn4hZofJK1f7oLHUrSOgNR6W0nFP6SpVV3W1oHuRtHdPY//Q6j8AGCB5MI1EGPzlAyqofo/wPNX9fHWYO+ioEEPOfhBmTtlVsIRZUNb0qnG1N6V2oK8EXSy6cbitt4OPH6uSb/XZffm3mTvISmF5ylk1GENLz2yuaArhztQPErnuchyrrCzB9ngzjAix+qVcxFeWqe3b6Y5Z0AalsE6PiTkDdlarhWS2OYBue9jhu3kr+6SkKyfpgZeYoGcsG6pad2+UZPx1mTznh/DiHDb5pQvTzucacALUouywEQSKZYWb6Go85rRKW7uU2sSBjLV2c9ati9/KcQ7gGVxiGtvnp/ovH6OOyGw1OJpa3Yx9ZNfK6XYmWSvrAp41Bcnq9KHZtESvWote/ooHII6EkXL71CWroWH8jOTA6TZXsU5PGBUqQ1oGLVDmkrCWif1vZ+fekOjC4mELCen4PxToWFacTvl4J4YDRq5h5m2bEvJAGkoxqOyvUrepICxad2BmD5cvqDmcZfEJJ/FiKuTlRwrH4yq07SzAtzy8I8IaaJCxGnl57aVWnRnVyA2wfLpGbU2hzLhJlhDFUV4KSgEmi6nUbq/rC86drRQE0lsokD44n7JuIn5BV6tBg0XoaCBeE6KNHl9nZnlHtUn3vprcGOfNnhDV0sw/OH9K9CcUdEp14wjI27HzS+qduOE5eyJTqR5LeotaF27Ndbc6n8l2CGE6RTIj4KY3B+9w5diaxv9UiRxyuWNfoIXqTfDVsfrehb8sfYqJXYHyo4jMbcfDjb5KHpdyl/NPioenfd9uK7Eyg22EXoTcrsJVsCBSyjQ8uT80JW0x9bExN4wO1O8qqDngrlNsQTmJsPcZU/zyIO+3/XPfiISHDilX6ToukxpyNiE4KEhQ1hqplEbiWAdbn/Yt0Pgg4O8jraIEze0i7Gjyw+PhVMAwv9exzBiPiYbw3kvZJp4FOLa1eHDM+ZgO4goHfhZl8yN4FEmEVdhUNjBHzUzSu3cXc9IEDK685NzdsxLkeLmkMgaHLeKe7yPtwbjAcH8dfkJULXlCoZio7M34b/SUJa7j8tkFEk7QMYbk3VcxsvxgT+rwmP4g7GLhyhR3dvy01cXQ9BqA6fX45XCuDEp8Pinz94lhYvee2RoqO+0NiDgCC8vHMhqAKW3sNZDMcQa52EfKBq8KbrA9ix1u4iOOgGD6t1ZwWWJD0DlTy7IBXfgbODqkWlcxR2oiz2lxhnsQY45p0lAo0PDgQA8gPsD7Nv4gPLR/InEK3JNWXmO4Lcn7+rmKjw38tYc6YK5kQTdL1WTN7xfD4G6dHAMROw4kT/g8RatcplyMzPjjxcaC8QjpnPY+UdadXE08u+FoDNsWddGAvt7Gfn4WhySFMcEeQdx4g+xAopz8QAia3jXTekXalinFGtISgK9Cikbve3uJUm2tqh3znInpAxkW0SlawDgn5fCO9jS9FTL4I8XYZvY7JVn0KLcSJe47kzc80g3amMu3iovt0zBOuadUhrYnbxIdigZjeYdp242pHiD2el9Y0T4uvt/YlYlsCiBFlxKGMjLN2v7ltk3wyrNhi71V+2GgFRH9qou/cnmHD5LgC3BqvyHhcdk0nkzPedbeVBE41taCLw+YKSFRMzzx/8B8OmEMwdlexUbHCYnS7QKL1rKVBbpq9CfWnGi55EG+UB4muh5elUehiLAeeEaSCvFklv1ysWvJHgDEyeatS9DlbCWthhwxtPvkdWIO9cf0gzImOJYfoet8MOlAxREyeVokZWMI5KM4OE0bvDVhQmspfSAXlMhDMxn8eSQkJAO7YartIZRKPbHfUsWh4QRIv5zgfPOoAlLuRbigrIc1vwR8nw7LQwyTrhOFNAaCcLphfa2n9F1ZTPuvg23FRxhXqX0+2s0BRzu6JF+Lsk0szedZ4bll3B6igOeWonOAb41bqB0oX99hVVX3mLfmahz2ByYjXHZBWolZaZCXz5xoYi4za6ZVEOp4XAc+q40Cm4PK8a3wE1OB8BzZk4AayNpoF1tIJ5q+VHsVI7hu88/PG886YefWpdZv5+IV3nbBMp4ueW/wdydKetZ1lQrd0GaJW02Aq0zNBt7QHG+HBPeAbc837xhtiG6V0RleN6NIjmLePt+Z/qm34sw4FiHmwSAySl4f0lIpoSo4ZW5AOBDUJFJ7UNp9+TnZ2e8sM7zra8/PwfeDqEYWzKFfGE8+Kjqw1h0aD0+5WTk2HmwIUFrBbzlhdwzv8aNy6pY51zIP1Q+TLNPAIHOXsIhP6OlvI0yPiz65k5HXSLu3j/Kd44vKRKpvhWGzzndG8n0/MYkFE8oFE0N7LnPrvxBMvjmkfebPhSzwW4INczUM98PgUHuC10xDdVu1VD0F9lHbbklVUgwkCsvOmBP6AAmt8EzMczWQN+PNbn0uWciccfSsvBOAuqm0J1FXuKsKLI+hiDD5YmW6ILxFgttF1bYl1j83C9BBdBg3cP35HnL0wt3MVjRPr8XCuVlJCiYAGRAreLRcf5RpwN7jEaT2WynSBtoj8OWo0PDgQB3gPsDP1drNSCAvP60CTHEQObU3HhMVEm86J3mFr8zCmmoyKVJfm/K8eIwMkPjfv4rjGe1NCMcEZJoR52RarsdcNatkHSzUbz0aSK6T6F/JMYMbU9Q0Z2DPwz00Y7fiB2xtb7nJuUFrz9PK1sD2wgOPfK2P7dfEzn0RbLWKgYGAl2nrE53Ulh7tpZEVNC7rzZIc0tfNv4t0Nmn8ZiZqp1iR4tsAQDgLQloowlrm73uBglMxyvB3VnSQcV5BYrTs1h7+aT2Rmz3+3QlrD6jA6vH3bl/6Y3lM5pYrCAEeTMk4v71TlHV/xIJMVH93ZNLMYh6Li3IP5AH5ag4dkm3YoyFnKL8kBdTlMUgpF0tf/8Ln4HaWiun2XtLU4wzeQjq/N/z5u++K1SLPnbozXeZVH1+2I4/nvVYumPBrqoLiVX5GXIkyHGqRla6sAL60nwRtPuSCTN9QjOVo0c3pW0+01p86hm3MjiimJ3Bnz1rNTC/0c3ejAUAvqUjnjdK96uOzZGnzNEmfWpsXJP7PxTP4kmyjun0eCEJGK3hRjKcOMjteT1uj2iBnnSRtK2v8qNLrGRMPd00Kl/cyEm0ZikRyPD6n0qupB+jBYhiDkFUqewbZPLsGbCCvGr2JCLQ8C8K7KfQHQE5OpLyBEMqu6ZyTBBCEW2dSjIQKNM6DeywfgeUOXo1OVXh1zC8631CBITmLdJFQb35jP5PbSchmOgoYgmoA5KxxVU+fQDi8/M9Ko6W33cfDYFUFB3ZUDnnjfkPZufgF2xe1O5BdK7fqzXGYAI2/g1gCU6cd/oqZr9xSVwBzeptzxnO+gDadkBA2SyALQqkZxJVz6L8nhIBRLcydssg1w6FpTOo6AYDtmU9H+CwVPp+SE2uKCv8V6yBQFUjMJnecXT5Ivh+JHwZ5qA4mxtXVH8NYjizOFFYfs3jooqH7E9v0P8+h5xhpszYI7heNQvns3cTt+R97gV3bAkFP+30cQvztxjJyRG9R5KIHGwmiEDlTcYc1Xq2uVJ5tj7Q98aE4U5Y7R6C1FifGS+pJARj2XakiT9D4MpYq1HS+HYK0fSc6DftX86aVJiWHOOd5P96jEhaLVBOjUzfb2bP63KowBvEHHcMjOy54ingxfWq5E8q/0LWBLZUaoL9gvpqn/Bg+jDbVVeNXe2HoESd1kJ7ZBOgwRuZLn+VUbnAxfN7j9Tu/1XqQlFQL0UYI88wPaq8FZvys3tNTZlYVmGKNzaUkDiQ0zQlqP1etHz7horgfcKmkVRAPrQIKfxmVL61XG/Co0PDgQC0gPsDi0+gCP+0OEN9xukHxYmXbwaGcg9VVtxZz3iD2f7EGPYAEsRagLrwgiMzkTTvz+w2B7NfjYoH8fZ7VkRxnZXdzDgXVz3mWfk/bt2PykhPweCFbEAaBCPqnqYeYpwNDUbJXmZM+wXS4uW2tvFmGlbqCTZhIl7ZGJNF6owp9WHZiYFDXH2ioVAOXH5OqpzSP9va4+vYoN68jhLNb7cxAEEDkCOcZ2GlzdmKZVFpQ9yOotqg3ZEXmSUoILGd4O9RoygXUZr8BYJnjKmJci1R2Q/kHrqJuidXfJaRcFDLtElO0k2DmnoOFCcg41FSxLD1gxqRoYQlXPwFPnqLKq8Z2i2cvH93VF1jQ4i0W3hoSwZwZ+C/e1kr7mrJZcEM/mrsvwSFoyLLrYSFXtThG7dSq3fHX67XE1PDDrYET7fWEZXoYKXsN39bgmlcOMjfa+M9W1ZEn7ZxNznNF0u1Saru1usbS8yzrtAtO/FCBCgRdZnTj4Wf5n82rNvkIVjT5dAEEKZn93F+zxr9taqhkNb/UGIAz759Z+mFm7ALgMcDk94wionlsqI9c9aTIlPJqztCkFCAXG6geGyvR/6v1P+PZTUQU8APWkAtkM6JtkS7Mkc5ywxHXXdud9ds2XLeSPnjtY3bRUUHYU9KNMm8j7pNmfF5RIUz5DkWxn8GMQVU79mKIHtOhACtX6Ba8VH5KOB44oJEsiVE6lWZF0Lvc96jGOn6olNCy9fWoJ965m5kuyyJ/y0qHz1BY70TrHyfwyzgA8us/K65G1L5etYFsosqaFoScWlJOx/61uVdi9BjpaADi+7FLWnb97r2i3JwifVP0gPIUdyipaf7aRUDQD2QrpKqUumG1xo9CDPwXKAk8uEZjvD92f/kHkWYcSNsrKVUYQGYpzCWXsxlFObzAZsGpD7CaVQedI6ZwAwHnHmk0rt/lJWt8lM4zwpDq01c9Ohpe5REUnsHXCuM07kkBeS2+8gSo3DnPZcjtoGyJtgiNx6aR/viz+8ns0DlD+UuE4r99crcaSmOgae5Q/7dhSBt9QJUJGIXtF6gI6UfMAuEg0qyFu3oKHz++QF1Oz81Yy/ia67ZjjDnuqz+SygYTE83jVrgCcFpEsuMnW6Bz3lD+l0fx8LUiiM6HSMTGheJ0C1Ovo3ocWaW/tBHQVUeqgmu86psxa2BqckNywuuSzBEECDJW9RMymiNxNOoQGtm0x3vuF7rX+VW3Fr5DLSqlW7BrjaYtSEm9AaWshZ0F3oRvrd+ioEGjAKR2s7lR+aCNcRSo0PDgQDvgPsDRCqG2GnqQ24GrThvfsEk6TfqFnTK1T1REREKa3TbqJyU0P7+H7+bxuL7G6dWiAve9Zh6Y+nMvKTxVIcT0Ytn/EYom3USIRH1FlnVwpz4kF7cw7+qeCVEZdZoXeEf0ZEp/oq0StzChUNXezGbYDTtyVRBl0MRpZN3qbeMmfCjLEIkrGaY/VpA6cArZdGEyxlc8E3Mbz84/Uirr6BJxJmGz3p0Q2cwGUpJTqi/PZ5Kn+mu6l3NZEbnGzmzpY+KLWmojbXOyT/xDSKefBfVnrPbbclAtQEajJudCSiyVc7MtgMd760XxaaFv8DXy5Twkr0QJ5KWg3V9LWhUaW46+WllbZkg1eYReR/TxkYHup/rGt3GxyUBpyGFFlFnsps5axhEvWbHUjBjMxI+Y8dPeMkE8AEfKNP9Dh1vNgf06EnTCJEfDPlOhDVk3KEPR70jNeTlYli5J+3SaXMBmp4Dzb1nIWbbaDjjvWgE7FQI8ubE3DcpahLjEPcZOmYS37pEFC8VO9k/xp/xjcq9LFuiW/wDWZ4bE7g9JR3EnIsMkVhln6FYz5kQV5CrYHJd8FEwE1uvYN03DpHKZMGo/DvyyQTUQSl9m9eYxyTpw/mDcCX0hcay+14ZroCH75WQpLZYOwf2CbYf1fiRlEood34xM4Ww9xbisQpFZ1GH6xNUJ1Iz61gu/NGopXPB8ibCo9g99EW1sjZIuWfkT3MznG4VawImwUhfe2ay/dToDGaOPAx2K5f37EuHbVUwtpLslqLpbtMAHkcUDX6GvqjgVHHeiKS/UBcq2ojUvsIKKlX/gvGy6tGGPCNy8cB77v0/4cYKkVilFV3jKLHtiqSPQ8SsQUCRbSF9Dh+e4aVP1e4L68lzTaCQrUXQ+mvrEfdR1KrOvA8M8Z7LexFhj++lYeEGsm5vXgU8OESNcaZFf6+zq1qviJAgILjDCbn2Zuq2mK43VIcHwDJkDTStT4cHoKa2ClVhroavdWOJRork65EgYFZszRJBFFucc9vFFCm/HQMKde3Qc4ruNQ9ZgOLLwpRrKGCC+3LvcoT8JVV9Aq/qIMJ/YVE8SpHPLw5bLj0SXmyEd2ImJM1HHUeP5XpAOXQk2eHjvkspZ/55W7wbKqsa75dWES7YnjQBxni7PBdXF31JM4UJskLr/DHIT+kbmnfBcOa3i3OQPJJ6W1MaPk5VS1Rb5HZ4p+ZCLxMeBNHA7ZWayQRzsPRpbiz0krmMNViecI/hnk0DzLlfTDaquz7KfQ9TJsbA4bEfvMhkHmUlJGNAo0PDgQErgPsDIu9m0WR6qKKW3QiOTc259hghfrv1Kb0j2cIxwl40/PrbpDGXth54gXicPptci3rA+lvyXXc11HYV4CpimW8D/kMkbpGbG9U2Be7Xh7KoN7oUYwATnNnSvz0Ot/oHXbK+mY72rETZeM7zm8+kGYoUvwda/8FP04ANqvrTvTGDUlWKchwsJQZFrAhFXrD3jKSXrD4H9lfhmyufKoEVL7ELlq3jkstsh6uVZUKMu6BB+Br2ethUDjQnW6NLKZW8O9MXaZwtsC7k3MiKN0CYtWSLeIP1WJcb9rtKF7tj9fR0SOOBXwo279333263kJEKOCRLrFF/iIve3J64t41cInaXI+IMdVo+cHirl6BdykDt9MXyHaBI7icTQcICUXkmDuB9vwlHqW2Wvw5b3piBI9xX9s+3vPdONYcuphDnk/vcO1JRqXm+owp9N3z/ZGOiheczZ6uwP/0bwbtCuqJ5/V9VHl3WDJNxNbZ7N55CKZq6jcwAB6WZUPovQhxZmo9QYtCrvkLi86kJpFgKRzp9QuSTngUy1XjVUbgPRQt3sWXJoFBHgE5doo8DuEIfQRa+ch3AaNIjkEqObcA62t41FSvinnG1m7CvFtTZSPDN+5eSxAAsf7LQG2ZA25Uo9nCEibFO2yNOtvmov5qfdUD+sHLD9Qi614qV2IJ3lgDdTDlDh4c0ShDvluUNv1jbV8MRbLdglbbgNvG7TuqXuazUNHfh2RfHUKv1KD4jFwxpxed8RizZ/LTCs8lzJv5DUt9BQ1A/YSozbYICc/lNeAn2RTY4rbasUHEuhZrf1svqGYduxVmwmjiAikCJr/LpW2A0n4reUTXYtnpKLWQh9fpAaH8a7Sk53uvMYHg/cVb3xqOzRDqvAXI5pAwSL/OLzPFh4k9tRnNI9O/nPO7N5pMqHNbqL9oWagCj2yglhtkabq75pOt2FuQD+DkaZ+JajR+IyyXnZkM3mV3gFxWqjlQeS26nvQg7C83CUHAvg7WUPnySq+151sP/cdlTB0N0+Ni3d0wFmXuxD/hYfqe2kqf8UBrqn0oZsSJQOGzGG/LBT/RA1MjvAE42gtUWPkgNynxbJu4+1wszjgxqQazh8VBtx88PRy6ysbIWr8NuLWjDH//EtRpAZr86wkYaREeofLnqM8kmoF67Nngb7nGfxcQLxNsCq5D21uCLdK7fQlxIzqF3XW6/bm/WsEnH/wLb1PxGJ1kBywumMj3e1viWAZ5Teo2xtGuhDl9nR7gjv6VBywXNGUOHxJKyy025HffkTGYQo0PDgQFngPsDP8LQLQ0Jxw9NF/3EKRd+c30Uy6H49M2pUEKEVY4/Qy4FO8mte+c65NCBKjqTHUnE5xpLes4YFPF+aQRCIh2bG3MagIcQlfxTUX8QkLemPScPgsoGmrFbziTCb68omsYzUH1xt7m9EDVEAUjenPkQ+tsU6hHu29DREWEWDk2KyW7/6qE3ky+ui8dsZm9UBbZ+gShPYCfWVW+9Z+uFJb1j6xB2VCKlzH6qVC7W93hvCv9YfSDDO78YCF+/Onx4NDXai+FatSTeTD16Krr4pPp3ChEdj2P24dwWQLwgwUb/eGV1kExeLXSIdHzzwtR97S4qsYAZOgtehJeISvD/gaW/6+aS5KZ/vsS8qlgTgCXWPTgRndpUjNRQS0ztROoEpatEVNUbR60VHnEc8AnGUJ1HLnathq4JlFYgx/UnVFwLdBtpL69hyOK20R3eksAzOFC7KiO46sTscXh8tKni6NlBThcc1TM7j7hkrYMDcV14gO8DMtRrb/LaXIhPvCMk1ekgbsbOXWSezV4GcOj0eotpUqZO4aTSxX8cqoevo13p89vZuQw37UrqaHSzvS/hSnMxR2MfSN2Cy1vw0imeaM5bzcWakkeb6CvnlxE/yzkPb65FL9u0MIgmag48SIK+1CpJUWzeeMtP1S2h6PVdoTXr3ecUvTx69xNn9EQ6hisG498VmgQgojgCaTrx6jTrIH1mn1u+sFQy7P0ZDiIEwDH+0A8lr0EkSyIm7oOR3abmRUrHrbjUcK66vLPhx6vywO6UtELsRydpd0fPy0ckJjA1pFEBiLtffcsdcMsDrFmLRI/0CbzYqfF7KELpzjSpZojwqeGky+RMbXV3V2URqko78JEQuZc4aTEVOY5ZI36iBx+3dS5XRPgGez7h8YscyV6/rq/6zejcOqZGP0D0mv+TzA8MJWH/ARmz62rNkX0T3fnQRKYFg0xVjdBjbhZnjG1Lo6KAxGe3QiaCfZJtjepOw8bmAYR7BH6ZHj57fLulSyerNYVoQ92mQuAZY95xi92V2COSKujI52G9vwCwTrPz2G6OSEqSOg8MIZRV4MWjoWGFcwwedJPHPhKUViRq/1UgoNegSgt9hJbjVEbFAdjN06PydTXPnDBTnB94ju6JvZjj+XZvpBM49Zj/PoWgFXbuey/hBlfDfHedZLOPIxQLLpVX8ynzTV6kW/tAPEIanpNIx6vQeYfWNNontsJdTbXx63obGcnWdlfIeeyTwbcfG/6WanJrI8SoRM4doc+C/PLTm2zNex2+gftyedwYo0PDgQGjgPsDRD+y8UEUL9iVvvX5QbMXHiQiaSmT1h1MZSyr+jT4WEzLf4SmkwMc1mJb4F/VshpIYQFh2M3/2O2IVhWtPEkjjlpZmUgzQcxSQdUFnnE1fz5ykGANPwl5wi1Xb8Az2uu52PdBycRQHlaqsvS0OKQm8CfNFgvezdABgcIGsXW/fiPymzaoytd3eMk3cjR7G7QiZxfz14hwp8/vdrF0roeLvU8afNlBkBn3mIC9fGC/JDVTQx64Fk1V7Cyufm9Iu+wuJj1nM1Vtz3IFa6o5lAvlLahxTQu04Ce90LTWitFJNBVdAbHqalxqjUOQo2Q3WrzEvhynpkL3RUfzsVrgCTSw0smH6NFF5CSPo2priFhemEEOlDC8RmS1v77oAnwbyBUV6ffH6TjZAaIABoMJC0HNBcYJP/Hstm5vlVEiNPP4ND9Lp9T/gmMgDWoo7huxGG9H+ZyCKux2KGewP32Vu/MvPvfR5O5wYQbOtf9cJg3tDFNX/1xOisnpaBaCdMCaMiJVE53RXveXQTEnZbmZoSpP6nM/veYjrgmEXjFOv8Drb/WwRGPaLrPHD5RQ+HKlADeHOVBjf342pFmXt8gHmpvZfCjzVpRrjlWn8jN0/5HKw+B8QUMqJFt7Pq5gUDohY9daDdo9xg4OAWSeio03L9xIuNKW8GDBxHAoYUtezu7d6F/p/SiXZNvZx3iICzml8INQ6zfDc7XvohbtQMQ3nRtb3WaD2ml1KLSU4alrJ1RlJC4DREo3r38jW/SFiNvfS9kEPDMOnj1OxhY3FEIamr85e2Bl1xUoOvtTfTgRUvbvKRqrFohulQXTT91rdfaeDkUs0xo9Na2OG5Un8hbXbLRAcrN+jfFMJ2CmtfRw3q6b4jRoJ7EgOKyT3kryUo4cJlFlJZqjIhwn3yA7N3iIZn5mo/TuEnr/7RZyE3D8XStXdUc8TyRLIwJamlCWFfhNPIpMIGHBgr4D9yMHCIifOhpab8P5hviFr04z3SHUFGvnYTBVFhU/Arxzk8WgJzgb/3os4dBm2A4xoH8OUnx+CJt1yYFXgeqtOPdn0K4ZtxXs0hbvI7JKrRrjnkDG9kIYYFya8u0XMo6/nTWZzzjHzlD5pBmpT6nO7iMPp8pTiQx2Gys2ZSPbBPr+NCoh270Z8Ocba90KSX1lMG9v3/Pkty+MO5cLv9xqf2yNV4pLgtHVPHH9LpovfLxB4DrWjJfaLZADuBvNwnNHe0ubU1Vc+np9l6ajj1Q+lsi4cxk11Lr1qdzba51+CHYGAwKQIVLpo0PDgQHfgPsDPy9g/L0zq1dDQ46rF8uLKDc7qh/iZou5o8hOnqzJN0ePNDMm+37+1GRlf7neZCy+oXDgfImBqaOYvg7TiLv4adSbOIhS4qWaXkDaqYWGLUJGyvzMQj/neyd5MOCraB8NdnK7rmAhjBTrAHcr7NWVYuQiMb9bRDBUFmZWFSvda0QX20Kq/RPq1ldGI7EnKbKB+eTltNXpDoXVg1I6/bMdl1/JCY1rFpRC32lFq/Stfs72haOLR3iE9fyCq4wf/lgkFtMxGRkt9GQT60jSDI/cFckJyNWQ4ecNua5fO1JBWvwEc2TDzyOAF+1kpLOlFr/0O8RVo12Fq2LNFyJGbMiHysMPgy42DzVz/fVSvD6Oi6loAbnFrw8MLWZd1eK99QtOLiTgmBOssityK8rT8OTWMDBnxGDQhKxhpULwObOD7X7GoIvAQgbatwcYZThC88I7DNsWjQBjGEtcN6OXq7Gsv6PuxcHbvQRZJ1kCuU0Dkkp2KWJRSNH7fL2f2ByG9+HjxbRPolzBxzpr+tIsU5SrSqS2g6tSzCIqMCRXuD/cB0DzfDLNefP3OSXnvQBfgtcrANiNihNp+Q3NBsUUOpIcVeJbFI2abobgYXah9xM/8UO+Mr2DKCSsS5M40JCBOEmCiUIoR4+0qV9vN6x1h/yJ0qhK0CTfMeAZ67rN++aojjV+lG4ZzbhGNu+Rg/xqmB2+AX6o6OUvOXvW2AFDN03XZQKYwkIknqO92CTadSvHlLcINGi+PJbPGXLWUVjyoc6L3907egjYE4JZ/TYaRtDWe/YQFUxpJtU1vPfAneg4wVNbtgFSn5FR9QZBG5H/egvbh1RUHn94qERNCIJfA3xw4ISoB+jli21dTRvHhccjBeuaaup1Q58F0J1tFHhWtVBgfikbS39Ym29nk1yTrB2PkiqaPNVd6RJYTUOxCQzzTsyylYCxL7bvCFHtCErEt056jqSVydLSITGYy8wJj+IehcSh9JUdy8YkxEcSwDzOpFhfYmYVbKHj1zItJMvE/zrLbiFTra+SCEODAoQB32lNfIXc7U3+vfoQ7eVBqf4frJM0UUoYH6eapOEPfplpeoOrCs95cEMLD7Awc4W/EsplxJN0EQ/L9IcXHO2SDfLwA6WHDIGfuPuYTyQf1i2ko18hBvY3Rb5NBqyByVXwn6yWT8tUeTMSXKa0RBkjDN/ZFQGTY04ZKHCcnuF2U3ZLg1ZkrP0B7dvZ63/7323LcJwXfBtfiKQ/W1RTEDG67k6x/37XrQ+Y1uJgMbNTpAwgo0PDgQIbgPsDUUXrbm9zeOlEnhOn75IBsKfL+PKk44pvTi82mfPU3GI7ZvA0G0qVWyiVD+tY/UKgwFjQswKZnqCYbjW1VG6jWZK233ZU2CUjBU+rwH+bmNDn77RSpFpAbxETciR9wuUv5f6cHIYo5ZwiSlcXkORYLZTcbFRCIGd6B9vUTbAMYxLuS7Dt1IhQuUYTsoadyJfTIxa6virydjaZb/dVQnAU+uyveDamSaz2hLJUn6+vrlaPgA5hRa5NFA6zzuGkZ21u2/iOL/Iawxnl2B3UJFhwgaThicYBlOz/Jut5YtmTaY2T3cF6AgseOEiOLMLLwb4iuE4bVgcQUAqAoXsK98ODOY8bAEIVO4rIN35IJdI/Jqzz1ASgsGhG5mFt+sASTJSQOoDxSE9bsE3Vwy6BjLaYBLb9N7C46e8MO94pj6FpCSJ0VI/4ZIabl+20ai5kVfvHx+9JYKKFdyS902ht60mGw/U0sixsw5iHfXoXIPggBRdj7FdVYDIGvwSWISx6nhfYF33UhrFQQM2s6b5aC2JOA9foAgEqKdSPJThZM5GvCiZTFXxtW3T6ZNHjw68F5Q6kK7BaowBmjgo8O5s1lP4XodUX3N8Hs749pElfZpsEFMEr0RNU6IHIqzLdOLKb48hq87GbImWwzw+XrJdQEVnj/GWzB5IMNGZKRCiiK0vJyz7EC/u9vx1gJqITCUNGi+8fTcPxC7aajFPF0JE5J/Sx3wPJyjFp4OACSLmhlYcJabSCBu9gS/yLYyoiaxIqowGCE3oxKy2rpfU6McSOqgvTaF4TTjiCfPAGujEQy3d8imeXVp3dO7TKCPvZK+SN0TPG//jI+ey7hJ/XfEHFfiEZAceoK5DMSv8HL6M6a9+zk2zKMn4bzUZ5VIZkgf5UJH6tsf6t88jFaGaKwmR1DfrL+BcfOW8IZJxJKKNdwFX3X6xySMcUTo74OFT2MkJVfXbI9zcYkWzmHjhYOghSqHfDa+WmJnT/7bdwJkm7mGLmT6BnFGPEjCFDgFIDNK5AHhm6HA50Kl5/vYUXcvRb4PA44WCO7xCnMyHQtMUaql5asiLUvqQGSM8S636LhYH+8S4HJyrScjEmwRtwWjudekrgXvZKZkrRW7ptOn1tv4KlN8keCvByHuIL8simXXMPtwPmtIKuIrJdlQk8Obm487I1vgQOyjh8i0BclNmXFjwW+ikxMpFjYGFIfwlBJzXqmQ84A2y6ZfvtRFbTEg/95+XAZLPJVtK3YI/4NSzxFfXowfe85FVWth/j40cHWnIKo0PDgQJYgPsDUB4+IrKyuZfJpniMuS7Z6cwGjqHB5yEqEbp8a/A6PihrvgbA7lhgMlGL7v/2a6q4BnnmkzKbkYJqrb3gI8OMnfuYE8kpnKvtl1w0Zv1tRlfUPKNSVUnK0JWEeJCENvRvStXqGyfgGjjE/nSBzFxASoEfAT2sKH3ccHuC29Rb0luMhvtFMMs7biJWJW15nMqKGOuU0nMoEP6mYVb4sAcrya4pPRIr/YCBhMxOIBkqG173p4c+E8jAmD3lZ8K+wv++K/Gh5nxfmBEJXRemF9PQ2fES26jcU/9nmJA5U7cxQtO4VDQ1EfGNaeo8jVI5Tv+4b0hMhOcj+fJDRWJA25CRIOX7zqKgFAMVK7vruTJD4NOVH/giqgFmp6XQiydzT2ZOzaiT6dJ2oLNNA/MTIjMG/HylfUA219/tMDd2uqQa5hjptquLCKX3BGXIIrrIaZOIrA+stX/82uzfE+ZpwdDyddyEu5j2Zu3P8ze3xpDjhamZxNiuUXL9DwOb+iPc2lUgnQfQ4bHxj8kSJVGvszgG3dCD2s17KPgO5/8dkZwLaF2SHX0O9xwGK0lUcpGAKPSYF24RpYN9tcmpSamN6/lv9FSTKOqri8y8C9hHwbWePHampP4d3ozTNd+b3m+I/lc0UTJZtuTTAl/P0NX5PwTvkl3cFvORmLJ9gLOfhhjl2wCrxLXQbVZ9/iR+HtCig7W2rOuUsKSOCp7VDl4+x2y1S7iFuOX2VfYqyICFexlPQ+dR41RYWEFgXdBVfdq8Ubsc+dDI+xRIGjc4ZJIiyU/so/Xkaapk+DPKxaEoFrYuCUpdRhmSIwEPzxQ56yUaPNkoYeSDMQBS4dF9n6uMvEA9qA1i88LKsA4eqcXv2s0olYvTHIPo9mZfXizvgiiguyBFUBzcY0mjtBq7QLAWRyDNeiHGpiODyyPJ/iGe+8h4M6QZBUGqbPgxkHxrc1lJiCagnQ95fHXJWyht3xzufRzgqsW3xHMUFkdXKJoRukfe7Trf7c91BXTsv+dY+SilZEFMpupqQ1WN09/fI8bt136A7KKJGFLfeOTB0lu5pXIGJGcniPzKsFacilUj0/lDRQ/W5FutrY13oBmp6/olSxumRjlxtwKlrLd0G3Bf8zTn5cuvJFjcEwO2gCj+CLXVx93m8bGJhpdZhL058jjiKbH21G9fnTdsdwfDjDxV0Js7x+wDIHHO4L/NpWRSc09aZpHNdpkTae0auw0dsW919LKzJIhIKfluvycdPXgM8CKGkVDon55CQNcMRoq1CRXHo0PDgQKTgPsDRPJZvkux9EWUju9ZC3L1IlRgiFI4h0s19rvhaZmh+duI+Yv0RfjDZybXG4KPthpkOHOydleTcGEGp5a7Xo04VS5vx9qLyuzh0Ft/RRecPnqQNAXmmuiaEibfukZDCU+0x3R3p+ZwJLtl8weYL7FATgT5wvQcPfnP2HN27c4/rt6hdaqy0RJvU6TD1VNVXJwl6BaMCeGZwt8OXlkaPNjtQbccYiQX49X5QL9zdn0SzPuuQ8B76otSpiOWIF6VzVtS4f104wGF1zwomdbYmcdnqaELhGkvsld1C/jcsKR/wdCamgvGpMFKJX/rPnhZFR60akCkaCzzR5OY0++S17J/WhmQcymaz/bAVmaPH4GdXIEJCF+wRD85QES5mvG5dGmmrYyUoV2qKI2pd8pSRWn1W08kUW4yPwECCckeY8fKldDWkeGqfU/A9GlKMZQNF5BIGojkNO+GdRN7OC1fU/PuHk0fEY/+Q6OoFrvUZ65knQgqb8t4x9XZ4hYiM4eRU1+0Yo6EN5su9yKC5amCBb3cYOeP7aVArD1o2b8YqzG5PgfJ4GLsbwuyTzxPRL1BKc3NzcuA+lNqBfy9RxVZ/tf5QqVV22eF5JV0vz2IrvfEd7VEvqugKCy8gSWRCxzJ2nTn0ey62thKQD8Ouy4LJP03SNdroA9ihnknSylzTSz4mvMTnPrdaVryJiQ6ExIlKv90VVvg1SoCn7RJ8cZXesvxMH7JebO83iw773diX36Gz5CRsKDrqKuIdgjVRYnUywGOiUXXMiYb64p0T2lqBBPyb7XtASlXwnEF1zZvbCYDzulaNXazMCwYsg1KJ95Stz8c3n7QAF7Sa5iCzRYbud3RZuSaiaeOroE9ptckK0jIK12NPvpltp7IfEN8AOVyF8H4hvE5GFfpuHyEWM+qgBgdv2gGWKdR+0+QQcaZwfac+Ly9L548eiBBkIh3X0B0gQpF2h6bfZAyy9SKahbJ3qYzWVuw2sxF2VkEptGXvTp+aCdyXmrEgeToWiINAxIJJorKBoGF6iI/z7qg9Rlf5OPYccj1RsotMMbyJgyZVacdrbfNzzB6G3qqVSoGDer6j4OrjymmOdhGbKJ6NPBGbTK+BnhPsuazEc/dPTtCATATaDnFiW8TfM2WzZuHg2OcSq5VFyelt8Zhw5WonitR4GQiHXi2MB5X+8CSG85dS/UTwGmTX3sYhHQRqgG1vGnP/BQWkCafqh66k4oUB8ImIoX8xBmIZJyD+R7sUOU7GNdV7BqPzPO2H1C4A4ociSpgo0PDgQLPgPsD0CEh6CjEn61S9c0hIH36e02owK13W86J6nfLjxq4qlhRQt3CgG8+Wo4lmEOorTk9yGKhPCwFYpwzPqgTvjorCALef6Wq9F7GoXGYxhS+gDD0S06vfj+LgK/CIumzQzEl8gYIIiLBbs/nKGuEiU2FRB+sKVcUVo+GlTCTaXyR4pLe32JxJBwlgJh0VfIKOyPrksF+b7/LDkJ8rD/FTO1NtoLFRm56U3NN+38/agz37oXw2cAz6ek8nfNwbc4WOOHAP5SzvL8RyDT8fOqGr334D/x773WEp3Z/CO4xI04fjcicE7JHxHKhu347DbJzZ0UKPsVsdfvU3ds4eWIUgls6Wtxqbo49HB5qm4rIU0xsBC2xeR0mTMrl4OHiD+pNLDZn6Sns5lGSJWJ5I0C/icrwYhNvZ04N7BOf97a7QLNWYdFmRxcR6tKL5mf8e5utZaq3l4ZOLDflDLotnK+7Rh1IGGfL+ZLf6yKfg/8+sYXnm7ISuqniD9uf1iFLYUSqVAKM8ERTcIZ6icilMn++bc1BtPGnxxK6pJyMeZ/0cGrSJ+Lq5G0mLqNSSSr1i+xK+N48QZLWLxvN8JehtRjWjhvcXXDglbTORBybzecnLm9iOs8Lzg96PIDz8ygblezopHQudmEBXKPpu1eKIcz26Y0j9ZNw5bhYyu58oNsS30m4hnJp/4rEZa7Dt8UCDyKVCgjs5yVe+4PrDZXMrM0fVbrz54kKdyuF2QXEv0tvoFN2ot4J8zvjZdW1zfcn28rhECZ+fQ1DsUGOATWasvpNdq0pavtxbMUMyfrvZWgGcbJDzPmsFlAqetrs9Vq9SxkVQz4kwVPbnG654cPX8opJtlzSz6sArNStS5AmfHnEvVUMdw3OjvoTRdyGMt2mJgVcwCOADGC7iKk8Ls81M0Bt4jZgW5UgBsiknkgjgy30qBbUwf4ZFMOXhcFi5jF8kXp1fGFv4Ql+144zFrD+wMThYFLVDARQ1bVqcanw087QYWxb2f3sIGKm6XPTrHVfu/WVaBcPtbaE9e65ytlCE4EZADPRp7ggUGiTafPQy3/CQhzpdtw431tSygqtYKrvuuqxRslOKIrNTMICTxvw+C1yqwgGAB1qtZBU00tOpv7q3WAWqmM7O8UQtalhzQ3udmfvZAIFQPSLI2ObGhu5BW8+m8Jx3oqmyhMgoPVSpTXbNmjRxrVB8X9b+7iizabzcYMsxuw8yzXfC7At3EApMyfPdF4V92FWHQrGx8kGsrIeyVT1+Ga6tKQHQwGUnGIptjFeo0PDgQMLgPsD0RpUlZe0Pis3hbyWczTkLLpn2Aa+J5VjWx2Pr+1eO0GadJFc1IBH+1wERbNPlvu5a4p1mY/dzjtxeEfQPU1HVsCwfJ8ooyhr+bVSaYunwqsQNlTmq9z8xKhdHkaquqIHQne9dFQYkJLIZQdjvE3G6J7v09BPxFFyqB4kyk1QedmV8p2zPidSUPtbVPMh+HdM0Fos/S41urm1PnPr6+DTrtAQ0w37Qtkj+hftrLvjmY55rxxEiStozdy7syBmUlWF9SsK7/4ieW5bQTUbA5c87PBSbak6Objzw8cQmyT+IzSIg4wQ2WXzzuI0wGNqxrpHpojtjuwmgJ0ROMT10uNIKj9AmdiU4HrSSyhrQLm6R+yUmNWIYVoWHg0aaEhqdp7Fd9ocsFAOmLgJmmECFkSl52I4DrkkVHoGCVObEedB5HIvXmWLZYVtcs7ZU739MTTsW2o8Ua4O0H0692XMuK7p+Yh2Q870xUz5TRhXSVfAcO3MAi9srwp53sD3wOtMwEWpwbBr9wNTUh2TspnxlwC9DHHGs7NZZ9Xj4oWma+oKYRXaGiT69pquAP7UOW3fQbfWVgZud6CLaB/acHOE0tZ8zDwTudO8h71J+GKppT9EVXz5ODdLEuMfXxc4kNcz45SVNLmPAB4BLl2ar9EuZDe9ScK6d6cPDDTd1gCvDa/9n713fgQpd8T0HU1vQhvwrJl6VvECwAS0Gfi/vqgV5e7u5+RsU2l06bu2cDCjHPfk3iHppbneJaWYOuOw+CZ3xpWOFUk5ksRgK7bpvny7XxaW/SJIql3FdSiyuMoqHCvcrcSKLXEBNlAEuKmlI5S2jHcoE35Zh5UxR6mf6zVjtVaqS3SWVi51PFXA3Mm5jgmYUzZn+T0Hdfmv31+k/78+2EX/M5qEJwBsV8d3GesEYfy9Rgf5YLCrkIavnII4Vx0oTIG1Bzqvx6+cObT3uUeZXxC8f5KeaN1TPKVOiUpcGVZ0gch7uvPxNmjDI3tm3GpBiDceGHTEUQHF23zJLirk7pPs7fuZaLt06GnRg4x3tVcwDTf5qmbaN0XVXjqS3VDsyaUG9WbaJ8laSCG7uMwt6odyi5HHBIzAuzUZOzh+SbAGw3cxwXCJHgl0ZxWT26qa5/U1VJf7Mx6ayfqQCNYCwy80jCOZt6kdZ0EXeQTJSzDeCdWj25LhjsaEpiAu6wPr4ilj7JY1SryeRyGKwLjLrF5/DEVI0Rr+Yw/qOiB4leBkVTyzGGRX5ByHB3qb43oOHXQUSSW/Ry/pl6CjpWs1o0PDgQNIgPsDDZG1EwXuMxPtvD7shmXFbonyFsLzjTM6dMtRSGLuRxnbJcrrgTjPotEsPL+XkW+sZZcaLpavH4hcMc6hQhcFdiki7O9PQVeDnNg/fYkdkmyP7JlIsmDMubgOAmyvZj7ACMRYNrbDHoi1o1vu82sdwQ5Pt9aKDWtIh8/TEV6lRpOPchKIRgo+g/NjsX3TkwPLp5e+6kLCQirGfhK+ZUaVI6KNfUp4nYp9o0plfJ3h1Tzb6va1dN0DJZnjOEHXizZjqfUymoeluUr0B1DLN2Gpu9M7xC6gJrtkrsaoDagX3p8ecEdzzl25UqVusjBitR8UpjY1lu8Zn6rIjWSO48Ywv+2JDGaW6netT8/tWES5RESJxCHNqGP3d9TtyEmaFqSsW3J+EZOIMLkhWoZtP6fXQDdbryYXQVC/SsyhMS0kuQgiiRYEsYHzLGz4/HXsZL/y0EWrfHiWVWxtAILgm5HvrJ/VmprRJbaiXq1hGfOW49VmN3oQS+NhjJ0g0lbO9ZQNTrfyxbY4XsM7bLlKr4pfIti/Sp4KM8XuPEqAVminWnbOVQsth7hn6ecTMk2cSRLY8lbOFaTmf/LIb1cal3D7ynVtRGCj3DCckAM8jKDs3icoUdrCfcjdeIGCTJGthc/auM62g4DX3VoWiWWrmFugjv6MfgbNdsPa531tT80GTfVBVq9GePQCizvcOBLBKIT7uVvSVbP9JWf/zrkPK64QNXe+2CLFAeIbHPf3y3wAFC0Mgr6Ypd4ubcO6XIaRQiQWvWSDUZ31g1Fk95QE8G0IsvIKUoZRglBzI6KLAT38TSJj2q9QFRkv0A603ufhNaiU/1bsUp1j73LfTxmRH2wNK/RdqUCgebqOZVfYJAExoRVkXcNm8RqWKpyE/CNAEFYzglms0BFp+aj0cfdBQLBrzgTklkbLOJ2ZC+W+cZ013tO4HdL+x7JSQv7Ex3sKdmcikGFCXk9qcQjgIf8PZpNd52xqbnaJRoWSwNG4Y1yY86DLSkF75D1j40/LQR6uXXhsui1hT5hL9SERtvSuF4Izg1B+IINjdRgAMv8dP2qyIl+PAj7eSuUQ8oS4fIQlmlpgsIDH6/pFxPvk24VBpC2kkDOHqDjds+dYZ7wA3Vyd/h6rAPXAEwCsn89gs/e5hBDQjfSHKDR11jQunVX7G8uPiyCtDjx4bX7NkEVgLKV+dOaNpRizWO+pdTtaiB1jxgOPeD6mblZM7j/WiDFrZQLCwEuGhfJDCzx3Iv1QERMwr38e1GHashkbQFVSxjvCHFO7a427i7OBALeG94EB8YHV","","H-Words","10"
"","html-button-response","3","2.1.0","6632","P001","1","end","801","Thank you!","0","","",""
